method,fairness,alpha,lambda,n_seeds,source,test_regret_normalized_mean,test_regret_normalized_std,test_fairness_mean,test_fairness_std,test_pred_mse_mean,test_pred_mse_std
cagrad,dp,0.5,0.0,5,makeup_2026_05_17,0.0638575339682706,0.0024180905909958026,0.1180556363077672,0.059158279584636715,368.04099089742846,12.47435747313717
cagrad,dp,2.0,0.0,5,makeup_2026_05_17,0.12705578812250376,0.0019433028915197298,1.9139903227106563,0.12000748584470354,129.60611920186997,1.605448767402875
cagrad,mad,0.5,0.0,5,makeup_2026_05_17,0.062421169290852584,0.0024012464309683544,34.48616702435939,4.059294338064619,201.47781983529137,8.306529277191611
cagrad,mad,2.0,0.0,5,makeup_2026_05_17,0.12784326309129668,0.0017604894689934004,23.372426882721275,3.976250636640373,133.06638308492833,10.044178848476092
cagrad,wasserstein2_dp,0.5,0.0,5,makeup_2026_05_17,0.06370791999573129,0.0023686693309213367,0.19453365619866625,0.1799778618410685,367.34847218385823,13.105155641229617
cagrad,wasserstein2_dp,2.0,0.0,5,makeup_2026_05_17,0.1285241479862413,0.001805976306919832,15.921548491948856,3.6829963012658844,130.06673703525422,2.740719537790894
dfl,atkinson,0.5,0.0,5,fdfl_mu_addon,0.07587048242600226,0.001352048323617727,0.015273000245544139,0.0013875272609203352,397.0666794755062,5.561423317270762
dfl,atkinson,2.0,0.0,5,fdfl_mu_addon,0.12904394779248565,0.0027109099417586308,0.0124546528226723,0.0010366281662029634,293.84540151130244,20.312363716
dfl,bias_parity,0.5,0.0,5,fdfl_mu_addon,0.07587048242600226,0.001352048323617727,2.5266120497951152,0.06622180649424718,397.0666794755062,5.561423317270762
dfl,bias_parity,2.0,0.0,5,fdfl_mu_addon,0.12904394779248565,0.0027109099417586308,2.0039028418816405,0.11190009503550839,293.84540151130244,20.312363716
dfl,dp,0.5,0.0,5,fdfl_mu_addon,0.07587048242600226,0.001352048323617727,0.0030251388224316203,0.0019635983055069093,397.0666794755062,5.561423317270762
dfl,dp,2.0,0.0,5,fdfl_mu_addon,0.12904394779248565,0.0027109099417586308,0.5224980144581761,0.10951625473240821,293.84540151130244,20.312363716
dfl,mad,0.5,0.0,5,fdfl_mu_addon,0.07587048242600226,0.001352048323617727,120.00205381628678,5.616151313584415,397.0666794755062,5.561423317270762
dfl,mad,2.0,0.0,5,fdfl_mu_addon,0.12904394779248565,0.0027109099417586308,78.60919096343339,6.974467718836839,293.84540151130244,20.312363716
dfl,wasserstein2_dp,0.5,0.0,5,makeup_2026_05_17,0.07587048243118767,0.001352048350793462,0.00018845804990820996,0.0001414195184430031,397.06667947580087,5.561423312543327
dfl,wasserstein2_dp,2.0,0.0,5,makeup_2026_05_17,0.1290396680829748,0.00266440468513611,2.658898810263103,1.1314130013312482,293.8929385911465,20.360470016733455
fdfl,atkinson,0.5,0.5,5,fdfl_mu_addon,0.07586996082360538,0.0013520889962272316,0.01527298196193554,0.0013875266144027288,397.0666176357114,5.561464433012217
fdfl,atkinson,0.5,1.0,5,fdfl_mu_addon,0.07586943918534232,0.0013521297140979846,0.01527296367530846,0.0013875259671468922,397.0665557591992,5.5615055470566706
fdfl,atkinson,0.5,2.0,5,fdfl_mu_addon,0.0758683958154007,0.0013522113464956137,0.0152729270958058,0.0013875246698348013,397.06643191331307,5.561587812926198
fdfl,atkinson,2.0,0.5,5,fdfl_mu_addon,0.1291055474322654,0.0026753529231141825,0.0124498900217896,0.0010429702284244615,293.8261273415585,20.3756239600657
fdfl,atkinson,2.0,1.0,5,fdfl_mu_addon,0.1291374182917776,0.002708587202051557,0.0125455358176944,0.0008534297740912766,295.88243870051025,21.07202943073912
fdfl,atkinson,2.0,2.0,5,fdfl_mu_addon,0.12918727493230792,0.0026702040337934886,0.01244084597916104,0.0010501663899603966,293.5324568671482,20.292062083408013
fdfl,bias_parity,0.5,0.5,5,fdfl_mu_addon,0.07578994814457848,0.0013520216762852885,2.526358013561958,0.06622447707276141,397.0326191680556,5.564739820555758
fdfl,bias_parity,0.5,1.0,5,fdfl_mu_addon,0.07570927504463854,0.0013525007257897727,2.5261013720258014,0.06622682521732727,396.99813384438227,5.56821264353292
fdfl,bias_parity,0.5,2.0,5,fdfl_mu_addon,0.07554746551982344,0.001355004373628303,2.5255799067694045,0.06623016454472959,396.9278448342797,5.575674035220737
fdfl,bias_parity,2.0,0.5,5,fdfl_mu_addon,0.1292351874738982,0.0026180771638140425,1.99009633260348,0.12019466596596272,291.62438428526946,20.689849870542794
fdfl,bias_parity,2.0,1.0,5,fdfl_mu_addon,0.12917146868989887,0.002680447327598262,1.9919087252277363,0.11494899815215776,291.9510160316884,20.654042450816778
fdfl,bias_parity,2.0,2.0,5,fdfl_mu_addon,0.12903998507613873,0.0027527756995384413,1.9913580892995608,0.11086994141228011,290.9173491932591,21.16794070052872
fdfl,dp,0.5,0.5,5,fdfl_mu_addon,0.07585576521162796,0.0012986643341304103,0.00284098870152334,0.0018553662760343152,397.06271352714333,5.5469984324813195
fdfl,dp,0.5,1.0,5,fdfl_mu_addon,0.0758429218518981,0.001245841216187377,0.0026679574215234,0.001739980306930942,397.0593109523692,5.533875202973499
fdfl,dp,0.5,2.0,5,fdfl_mu_addon,0.07582231276795832,0.0011410779446866096,0.0023525381998785798,0.0014902527143325905,397.05402274681524,5.511183248835313
fdfl,dp,2.0,0.5,5,fdfl_mu_addon,0.12932512432667861,0.0026909988732165347,0.5035238122493664,0.11872068336844281,296.2177863965417,20.575724393162798
fdfl,dp,2.0,1.0,5,fdfl_mu_addon,0.12894560924020698,0.002728197360442295,0.51699732743518,0.1052608878431491,294.3461936443612,20.037832616511658
fdfl,dp,2.0,2.0,5,fdfl_mu_addon,0.1293982130877039,0.002628223523785069,0.48661768411783474,0.11666127541992592,299.12746955911996,20.31720710129749
fdfl,mad,0.5,0.5,5,fdfl_mu_addon,0.06669921354204314,0.003570558069352552,114.2588507862337,6.345913840762591,386.257635831696,9.14668891293183
fdfl,mad,0.5,1.0,5,fdfl_mu_addon,0.07223023839507996,0.007325771603298665,51.44234206187142,18.60949820726443,281.2581422471794,35.23855051331804
fdfl,mad,0.5,2.0,5,fdfl_mu_addon,0.07569653167990498,0.003328748722840658,30.390824947746744,2.238100320036767,245.26836770064577,8.65852615721853
fdfl,mad,2.0,0.5,5,fdfl_mu_addon,0.1285907433588377,0.0026446492959466563,43.37982163029417,4.322787311974525,201.70204233251505,18.74422667495606
fdfl,mad,2.0,1.0,5,fdfl_mu_addon,0.12821308783060467,0.0021724979800765176,30.251677482409427,0.8770271527741716,152.03495208800385,3.8778423547192555
fdfl,mad,2.0,2.0,5,fdfl_mu_addon,0.128734590740016,0.002190419252329788,29.68383136365925,24.527296133289067,160.29086054622712,19.79416094460134
fdfl,wasserstein2_dp,0.5,0.0,5,makeup_2026_05_17,0.07587048243118767,0.001352048350793462,0.00018845804990820996,0.0001414195184430031,397.06667947580087,5.561423312543327
fdfl,wasserstein2_dp,0.5,0.5,5,makeup_2026_05_17,0.07587059988131158,0.0013470967097049648,0.000187273074276422,0.00014001438245585701,397.06706561273637,5.560573068216351
fdfl,wasserstein2_dp,0.5,1.0,5,makeup_2026_05_17,0.07587086332967229,0.0013433923233064128,0.00018659182599354592,0.00013919905948051712,397.0674778188905,5.559906086514241
fdfl,wasserstein2_dp,0.5,2.0,5,makeup_2026_05_17,0.07587213340096627,0.0013370459805458026,0.00018535426317643674,0.00013771712824099035,397.0685965059899,5.558754160976426
fdfl,wasserstein2_dp,2.0,0.0,5,makeup_2026_05_17,0.1290396680829748,0.00266440468513611,2.658898810263103,1.1314130013312482,293.8929385911465,20.360470016733455
fdfl,wasserstein2_dp,2.0,0.5,5,makeup_2026_05_17,0.1293818864774143,0.0025929029916993557,2.074181159482424,0.9539415006005897,303.5863415150837,19.34029987518181
fdfl,wasserstein2_dp,2.0,1.0,5,makeup_2026_05_17,0.12945615836625224,0.0026090665138650366,1.9350314226014447,0.7019349440582033,305.3994152288397,16.771220788868987
fdfl,wasserstein2_dp,2.0,2.0,5,makeup_2026_05_17,0.12994402953730022,0.0023389890418028334,1.4753779727789604,0.7008585111449301,315.1703125955342,18.527683787512352
fdfl-0.1,atkinson,0.5,0.0,5,fdfl_mu_addon,0.07545968185732828,0.0013114147672135545,0.015267408581993939,0.0013869164890228723,396.80878384348455,5.562209547252169
fdfl-0.1,atkinson,0.5,0.5,5,fdfl_mu_addon,0.07545915797348095,0.0013114715594854968,0.01526738951031842,0.0013869156425783463,396.8087128470707,5.562254468396453
fdfl-0.1,atkinson,0.5,1.0,5,fdfl_mu_addon,0.07545863528178562,0.0013115289952807389,0.0152673704690763,0.0013869147847191897,396.8086421908749,5.562299746141306
fdfl-0.1,atkinson,0.5,2.0,5,fdfl_mu_addon,0.0754575886187895,0.0013116425110069063,0.01526733234925146,0.001386913112445701,396.8085004037993,5.562389460592213
fdfl-0.1,atkinson,2.0,0.0,5,fdfl_mu_addon,0.12822444717422116,0.001685634660150326,0.00781272578220486,0.0005327944457210907,129.6923493494313,1.827406528752983
fdfl-0.1,atkinson,2.0,0.5,5,fdfl_mu_addon,0.1282271046821843,0.0016853698656556049,0.00781171687614172,0.0005333239294908112,129.68765393510097,1.824266880743113
fdfl-0.1,atkinson,2.0,1.0,5,fdfl_mu_addon,0.1282252809485067,0.0016872959768473204,0.0078123707102103,0.0005323793473457293,129.69183218775234,1.82585326216051
fdfl-0.1,atkinson,2.0,2.0,5,fdfl_mu_addon,0.1282260245332781,0.0016868289472700862,0.0078116345654019,0.0005316368531463518,129.69000248094403,1.8237836272137862
fdfl-0.1,bias_parity,0.5,0.0,5,fdfl_mu_addon,0.07545968185732828,0.0013114147672135545,2.5255425612755906,0.0662012911655529,396.80878384348455,5.562209547252169
fdfl-0.1,bias_parity,0.5,0.5,5,fdfl_mu_addon,0.07537966007644231,0.0013133568971990441,2.5252787683705518,0.06620254741713498,396.7733704619571,5.565957450215841
fdfl-0.1,bias_parity,0.5,1.0,5,fdfl_mu_addon,0.07529946909947857,0.001315828905824338,2.5250120126029802,0.06620346386693134,396.737496997052,5.56989289739065
fdfl-0.1,bias_parity,0.5,2.0,5,fdfl_mu_addon,0.07513840552961444,0.0013224831829765846,2.524469173665432,0.06620435044708214,396.6642809328377,5.578342021780922
fdfl-0.1,bias_parity,2.0,0.0,5,fdfl_mu_addon,0.12822444717422116,0.001685634660150326,0.5511040657372269,0.0804470464632271,129.6923493494313,1.827406528752983
fdfl-0.1,bias_parity,2.0,0.5,5,fdfl_mu_addon,0.1282089529361392,0.0016795157069979406,0.5157539421122889,0.0808628727683002,129.77487718043315,1.8010293878518118
fdfl-0.1,bias_parity,2.0,1.0,5,fdfl_mu_addon,0.12819641250490912,0.001674752199637593,0.4804087955280128,0.08091850283828832,129.878591866015,1.7832399803642773
fdfl-0.1,bias_parity,2.0,2.0,5,fdfl_mu_addon,0.12818321492067353,0.0016661733360015386,0.4062425026407051,0.08151286839586022,130.18708588078482,1.7391350943056525
fdfl-0.1,dp,0.5,0.0,5,fdfl_mu_addon,0.07545968185732828,0.0013114147672135545,0.00292528080621364,0.0023102625589465063,396.80878384348455,5.562209547252169
fdfl-0.1,dp,0.5,0.5,5,fdfl_mu_addon,0.07545857393578964,0.0012518217073243687,0.0027649667372678,0.002168579677583795,396.8104696581117,5.55324973078469
fdfl-0.1,dp,0.5,1.0,5,fdfl_mu_addon,0.07545876810490232,0.001192831935197693,0.0026100461971634,0.0020276027520456223,396.81249084560966,5.545186985168763
fdfl-0.1,dp,0.5,2.0,5,fdfl_mu_addon,0.07546170541145958,0.0010779624875616057,0.0023170750637716,0.0017498750905730845,396.8169545389827,5.5308242685531095
fdfl-0.1,dp,2.0,0.0,5,fdfl_mu_addon,0.12822444717422116,0.001685634660150326,1.9752967285970315,0.12263729964117959,129.6923493494313,1.827406528752983
fdfl-0.1,dp,2.0,0.5,5,fdfl_mu_addon,0.1282466199688817,0.0016945252997060019,1.9404749877059322,0.1223477486106854,129.63630715362802,1.8535177643847909
fdfl-0.1,dp,2.0,1.0,5,fdfl_mu_addon,0.12827058005750194,0.0017056381289293889,1.9071384304579595,0.12190378374000692,129.61521716295124,1.8841811229084802
fdfl-0.1,dp,2.0,2.0,5,fdfl_mu_addon,0.12833423447442213,0.0017230849870807738,1.8413683225571926,0.12083916062722143,129.6375867251767,1.9360602990134204
fdfl-0.1,mad,0.5,0.0,5,fdfl_mu_addon,0.07545968185732828,0.0013114147672135545,119.89753047295844,5.613450239704153,396.80878384348455,5.562209547252169
fdfl-0.1,mad,0.5,0.5,5,fdfl_mu_addon,0.06611945356596804,0.003596323211099309,113.58601102645125,6.537619393908829,385.14814665444766,9.607975048947644
fdfl-0.1,mad,0.5,1.0,5,fdfl_mu_addon,0.07262271094201636,0.007083743316474963,49.58602890596828,16.80119260130608,277.7206562913188,32.654901676549365
fdfl-0.1,mad,0.5,2.0,5,fdfl_mu_addon,0.07533594596961798,0.0033305795223011908,30.250558178385376,2.1862328018492927,245.14154025682657,9.059332328984604
fdfl-0.1,mad,2.0,0.0,5,fdfl_mu_addon,0.12822444717422116,0.001685634660150326,26.41177508822514,0.8228493132685333,129.6923493494313,1.827406528752983
fdfl-0.1,mad,2.0,0.5,5,fdfl_mu_addon,0.12853636726103215,0.0016173724027643648,25.464297124273966,0.7534896776581872,128.39928077950614,1.8150168988631232
fdfl-0.1,mad,2.0,1.0,5,fdfl_mu_addon,0.12924891232310323,0.0014145758659526663,22.491893343900177,5.086379761540468,138.12365642652557,12.086711633706622
fdfl-0.1,mad,2.0,2.0,5,fdfl_mu_addon,0.12974969876893863,0.0014251632100757184,15.322189896842676,10.563223907589729,160.9145361468145,27.080460166295627
fdfl-0.1,wasserstein2_dp,0.5,0.0,5,makeup_2026_05_17,0.07545968187359399,0.001311414781915886,0.0001922138063800908,0.0001668382849657809,396.80878384821403,5.5622095382499115
fdfl-0.1,wasserstein2_dp,0.5,0.5,5,makeup_2026_05_17,0.07546064466421043,0.001305153491006294,0.00019041580450848447,0.00016393907027435173,396.80970591846994,5.560721555779989
fdfl-0.1,wasserstein2_dp,0.5,1.0,5,makeup_2026_05_17,0.07546174181476871,0.0012988631362091515,0.00018869135229685868,0.00016126341027687167,396.81071733636446,5.559260737356146
fdfl-0.1,wasserstein2_dp,0.5,2.0,5,makeup_2026_05_17,0.07546332805469284,0.0012867444104614322,0.00018559640600103195,0.00015633040811116968,396.8122800895847,5.556623153001132
fdfl-0.1,wasserstein2_dp,2.0,0.0,5,makeup_2026_05_17,0.12822472225354756,0.0016860430997907773,33.316801803431915,4.040982705502194,129.69100751485882,1.8269497336215468
fdfl-0.1,wasserstein2_dp,2.0,0.5,5,makeup_2026_05_17,0.1298658724526935,0.0017919997772719875,13.657015464691066,2.844185818638961,132.19871796204524,2.6932924951468595
fdfl-0.1,wasserstein2_dp,2.0,1.0,5,makeup_2026_05_17,0.13108521344419413,0.001901334344358337,9.343741967375536,2.0582442866794417,135.07723496064386,3.3123037288552393
fdfl-0.1,wasserstein2_dp,2.0,2.0,5,makeup_2026_05_17,0.13301346276669787,0.0018151961184444468,5.3114165246426746,1.6339720887439526,139.3088605262402,4.510366139798509
fdfl-0.5,atkinson,0.5,0.0,5,fdfl_mu_addon,0.07514728691228872,0.0012963511698235953,0.01526670494345952,0.0013864708063277094,396.40943398129167,5.571835150379755
fdfl-0.5,atkinson,0.5,0.5,5,fdfl_mu_addon,0.07514675562398772,0.0012964158752480591,0.01526668486851294,0.0013864697083258962,396.4093519191326,5.57188423537078
fdfl-0.5,atkinson,0.5,1.0,5,fdfl_mu_addon,0.07514622415945356,0.0012964808367806168,0.01526666479413278,0.0013864686020123816,396.40926969387823,5.571933195096122
fdfl-0.5,atkinson,0.5,2.0,5,fdfl_mu_addon,0.07514516352195938,0.0012966105193833982,0.015266624725378061,0.001386466429319302,396.40910620006,5.572031081105106
fdfl-0.5,atkinson,2.0,0.0,5,fdfl_mu_addon,0.1294287179173052,0.0019444919341143568,0.0071690380447159,0.0006390779344159048,121.31411473000746,1.123973589740346
fdfl-0.5,atkinson,2.0,0.5,5,fdfl_mu_addon,0.1294293204073477,0.0019445219235200957,0.007168570832769419,0.0006385902538662665,121.31375217692845,1.1233555025971935
fdfl-0.5,atkinson,2.0,1.0,5,fdfl_mu_addon,0.12942917952885274,0.0019445227895738858,0.00716841468135692,0.0006389472286880536,121.31383146568758,1.1238246781887613
fdfl-0.5,atkinson,2.0,2.0,5,fdfl_mu_addon,0.12942896868918702,0.001944046233038744,0.007167780378630339,0.0006389201209808315,121.31390127507333,1.1238449822864827
fdfl-0.5,bias_parity,0.5,0.0,5,fdfl_mu_addon,0.07514728691228872,0.0012963511698235953,2.524712002386135,0.06615662406550604,396.40943398129167,5.571835150379755
fdfl-0.5,bias_parity,0.5,0.5,5,fdfl_mu_addon,0.07506682535090156,0.0012993512821707729,2.5244347385347554,0.06615656234189102,396.3720623995581,5.576016480386508
fdfl-0.5,bias_parity,0.5,1.0,5,fdfl_mu_addon,0.07498611982766798,0.0013028835289292248,2.5241540844412733,0.06615609618701787,396.3341646228594,5.580396346243721
fdfl-0.5,bias_parity,0.5,2.0,5,fdfl_mu_addon,0.07482379435570964,0.0013116090931646993,2.5235817673145187,0.06615419906272106,396.25670393205127,5.589806994394309
fdfl-0.5,bias_parity,2.0,0.0,5,fdfl_mu_addon,0.1294287179173052,0.0019444919341143568,0.7300137890348841,0.09130143911535009,121.31411473000746,1.123973589740346
fdfl-0.5,bias_parity,2.0,0.5,5,fdfl_mu_addon,0.12939168897765296,0.0019428668741183943,0.7101528306413263,0.09179895720340951,121.35822033236207,1.1118798439660413
fdfl-0.5,bias_parity,2.0,1.0,5,fdfl_mu_addon,0.1293572326847262,0.0019389583022446327,0.6901259741721485,0.09149780525337893,121.40942435934954,1.0988734838636713
fdfl-0.5,bias_parity,2.0,2.0,5,fdfl_mu_addon,0.1292992493852057,0.0019358302727994605,0.6500239594334437,0.09221560794775437,121.52937791657952,1.0769813998987585
fdfl-0.5,dp,0.5,0.0,5,fdfl_mu_addon,0.07514728691228872,0.0012963511698235953,0.00311250764042664,0.0026753594891060577,396.40943398129167,5.571835150379755
fdfl-0.5,dp,0.5,0.5,5,fdfl_mu_addon,0.07515437593601278,0.0012323273007042168,0.0029447893605909,0.0025370981437175563,396.4149094859908,5.565508944038468
fdfl-0.5,dp,0.5,1.0,5,fdfl_mu_addon,0.0751622738354194,0.0011695190544215258,0.00278211019537224,0.0024025865490475634,396.4204843417434,5.559680397750718
fdfl-0.5,dp,0.5,2.0,5,fdfl_mu_addon,0.075179892705337,0.0010485565054995612,0.00247449254834524,0.002144972422187479,396.43168787940004,5.548970053227857
fdfl-0.5,dp,2.0,0.0,5,fdfl_mu_addon,0.1294287179173052,0.0019444919341143568,1.7963868019709217,0.13353663708661367,121.31411473000746,1.123973589740346
fdfl-0.5,dp,2.0,0.5,5,fdfl_mu_addon,0.12946784792012492,0.001947368157010731,1.7769090048737752,0.13361134360749524,121.27424251869441,1.1343792038517229
fdfl-0.5,dp,2.0,1.0,5,fdfl_mu_addon,0.12950874807500123,0.001948691766598581,1.7571920274796842,0.1333532296397291,121.23844340224751,1.1454046621793315
fdfl-0.5,dp,2.0,2.0,5,fdfl_mu_addon,0.129601238529141,0.0019533405094110706,1.7175731354418944,0.13359260495871586,121.179639543493,1.166093473541266
fdfl-0.5,mad,0.5,0.0,5,fdfl_mu_addon,0.07514728691228872,0.0012963511698235953,119.7735977982321,5.608494539175199,396.40943398129167,5.571835150379755
fdfl-0.5,mad,0.5,0.5,5,fdfl_mu_addon,0.06560602315798718,0.0036001946671986073,112.77364481715847,6.778437355810085,383.6492300360423,10.231819457984564
fdfl-0.5,mad,0.5,1.0,5,fdfl_mu_addon,0.07292193763427414,0.006722652415618426,47.51766918554406,14.59125262646424,273.2839252006067,29.523293430485154
fdfl-0.5,mad,0.5,2.0,5,fdfl_mu_addon,0.07487330007595404,0.003341179346091869,30.126288521806337,2.126499125271283,244.74776095025942,9.47468019314336
fdfl-0.5,mad,2.0,0.0,5,fdfl_mu_addon,0.1294287179173052,0.0019444919341143568,23.519455180413956,1.227413382167192,121.31411473000746,1.123973589740346
fdfl-0.5,mad,2.0,0.5,5,fdfl_mu_addon,0.129797791253296,0.0019060076401585995,22.804880045877443,1.101270117907139,121.20624252849397,1.176119462047573
fdfl-0.5,mad,2.0,1.0,5,fdfl_mu_addon,0.1303267969629176,0.0018640604969677591,22.31933765175208,1.0744874931881927,121.49619669121724,1.2203348445721736
fdfl-0.5,mad,2.0,2.0,5,fdfl_mu_addon,0.1329091711251053,0.0023983735064997515,21.714740632782,1.13584171710973,124.27112072718496,1.3806044924694674
fdfl-0.5,wasserstein2_dp,0.5,0.0,5,makeup_2026_05_17,0.07514728692097128,0.001296351201197067,0.0002158373682241608,0.00022266236182298858,396.40943398240114,5.571835149698983
fdfl-0.5,wasserstein2_dp,0.5,0.5,5,makeup_2026_05_17,0.07514926379210672,0.0012891096239425325,0.00021347863643855717,0.00021861259439658905,396.41103808955893,5.569291389104954
fdfl-0.5,wasserstein2_dp,0.5,1.0,5,makeup_2026_05_17,0.07515122969706006,0.0012820314505553934,0.00021151817783021787,0.00021539792427676343,396.4125971683789,5.566839662694459
fdfl-0.5,wasserstein2_dp,0.5,2.0,5,makeup_2026_05_17,0.0751548347013488,0.0012685825564795591,0.00020783752193629176,0.000209419717069196,396.4155699200037,5.562787151380423
fdfl-0.5,wasserstein2_dp,2.0,0.0,5,makeup_2026_05_17,0.12942919203893474,0.0019447332952394734,24.664246579812925,3.78182320598727,121.3134275990786,1.1237192746103633
fdfl-0.5,wasserstein2_dp,2.0,0.5,5,makeup_2026_05_17,0.13068381505606153,0.0019077049042960789,14.766483661062907,3.3302457132866983,121.59180324166245,1.3631114768665389
fdfl-0.5,wasserstein2_dp,2.0,1.0,5,makeup_2026_05_17,0.13177752809581111,0.001967450425254193,10.437021151225485,2.7254151193852336,122.83192113860413,1.6160163802092111
fdfl-0.5,wasserstein2_dp,2.0,2.0,5,makeup_2026_05_17,0.13321376991960124,0.001998752476864751,7.289665521958538,2.530831897820387,124.56073396738135,1.9392856438701076
fdfl-scal,atkinson,0.5,0.0,5,main_per_cell,0.07494470426710352,0.0012891773565234727,0.015266401200116308,0.0013861483215198895,396.1254465416897,5.579557705504843
fdfl-scal,atkinson,0.5,0.5,5,main_per_cell,0.07494416787878619,0.001289249891981829,0.015266380377469945,0.0013861470540289902,396.1253564958995,5.579609400950827
fdfl-scal,atkinson,0.5,1.0,5,main_per_cell,0.07494363173628465,0.0012893197815618985,0.015266359564419841,0.0013861457352644234,396.1252665594855,5.579661228709567
fdfl-scal,atkinson,0.5,2.0,5,main_per_cell,0.07494255754263188,0.0012894627813170266,0.015266317873515534,0.0013861431130717282,396.12508564419795,5.579765527526917
fdfl-scal,atkinson,2.0,0.0,5,main_per_cell,0.13065094296849578,0.0019382704250540787,0.006938646532337378,0.0005983905230199353,120.20182930480372,1.166226591311554
fdfl-scal,atkinson,2.0,0.5,5,main_per_cell,0.13065158625909004,0.0019354628747460282,0.006938014929351821,0.0005984474434229763,120.20089374375164,1.167759771980294
fdfl-scal,atkinson,2.0,1.0,5,main_per_cell,0.13065107788931166,0.001936137758520071,0.006938893152971826,0.0005984533279841586,120.20226457893791,1.1673245274056006
fdfl-scal,atkinson,2.0,2.0,5,main_per_cell,0.1306510886852361,0.0019367368648693897,0.006938067747659727,0.0005985410742770767,120.20216352307538,1.1665987896456371
fdfl-scal,bias_parity,0.5,0.0,5,main_per_cell,0.07494470426710352,0.0012891773565234727,2.524144824999249,0.06612279389768887,396.1254465416897,5.579557705504843
fdfl-scal,bias_parity,0.5,0.5,5,main_per_cell,0.07486381259510708,0.001292805162089625,2.523857475368386,0.06612173458459228,396.08660614985234,5.584051282884443
fdfl-scal,bias_parity,0.5,1.0,5,main_per_cell,0.07478261085487052,0.0012969998242460005,2.5235663869523894,0.06612033231554944,396.047193554858,5.588773420981506
fdfl-scal,bias_parity,0.5,2.0,5,main_per_cell,0.07461925391462063,0.0013071027775044795,2.522972354334837,0.06611608483251397,395.9665981303001,5.598944820729491
fdfl-scal,bias_parity,2.0,0.0,5,main_per_cell,0.13065094296849578,0.0019382704250540787,0.7942915448967449,0.09362955146413064,120.20182930480372,1.166226591311554
fdfl-scal,bias_parity,2.0,0.5,5,main_per_cell,0.13061452833544007,0.00193529045779824,0.7783512032968958,0.0933075392670881,120.22580723396935,1.1568719899473314
fdfl-scal,bias_parity,2.0,1.0,5,main_per_cell,0.13058123287913515,0.0019346350473909472,0.7622161234396113,0.0935397153270736,120.25347315023257,1.1462300760569046
fdfl-scal,bias_parity,2.0,2.0,5,main_per_cell,0.1305208878219739,0.0019318861648700727,0.7298176765197376,0.09394460777683317,120.32085697423457,1.1288901069324486
fdfl-scal,dp,0.5,0.0,5,main_per_cell,0.07494470426710352,0.0012891773565234727,0.0033357671371031503,0.002943886415781958,396.1254465416897,5.579557705504843
fdfl-scal,dp,0.5,0.5,5,main_per_cell,0.07495624169284151,0.0012233891515128885,0.00315922022847735,0.0028110216064974273,396.1331613790346,5.574225422265607
fdfl-scal,dp,0.5,1.0,5,main_per_cell,0.0749685736804821,0.0011591083651300816,0.0029879920189826927,0.002682927802225017,396.1409560770702,5.569303097030277
fdfl-scal,dp,0.5,2.0,5,main_per_cell,0.0749954060636699,0.0010365473778595749,0.002669922171156307,0.00243450899015827,396.1567285051258,5.560203286795072
fdfl-scal,dp,2.0,0.0,5,main_per_cell,0.13065094296849578,0.0019382704250540787,1.7321089996857617,0.13744993113936516,120.20182930480372,1.166226591311554
fdfl-scal,dp,2.0,0.5,5,main_per_cell,0.13068872601248013,0.0019363569477522324,1.7158661762242056,0.13685133135314784,120.17877085844273,1.1791735309286846
fdfl-scal,dp,2.0,1.0,5,main_per_cell,0.13072862120244716,0.0019377040882912154,1.7000443689801101,0.1369774537853734,120.16206544264575,1.1884472370419616
fdfl-scal,dp,2.0,2.0,5,main_per_cell,0.1308151589663371,0.001939668776002862,1.6685023457937678,0.1370967241857011,120.13601893348158,1.209851996848188
fdfl-scal,mad,0.5,0.0,5,main_per_cell,0.07494470426710352,0.0012891773565234727,119.68640109308299,5.6047658982913875,396.1254465416897,5.579557705504843
fdfl-scal,mad,0.5,0.5,5,main_per_cell,0.06527006505040449,0.0035881155550602163,112.17211600958755,6.971835099536003,382.5401012694278,10.70496335718447
fdfl-scal,mad,0.5,1.0,5,main_per_cell,0.07309201377423083,0.006452511969737776,46.20785885038341,13.070126600628909,270.3729718467458,27.339800116577354
fdfl-scal,mad,0.5,2.0,5,main_per_cell,0.07462362470037674,0.00325095796129786,30.00933638185258,2.1004266399799465,243.65939462753613,10.27877907487391
fdfl-scal,mad,2.0,0.0,5,main_per_cell,0.13065094296849578,0.0019382704250540787,22.875702687861107,1.1805962817205222,120.20182930480372,1.166226591311554
fdfl-scal,mad,2.0,0.5,5,main_per_cell,0.13098929490996278,0.0019191034281413881,22.298197497158494,1.1058251139014112,120.19099100960601,1.2015859598582044
fdfl-scal,mad,2.0,1.0,5,main_per_cell,0.13146451624573097,0.0018916602376036014,21.868049693363936,1.1001688981056124,120.4408461288112,1.2409158514754566
fdfl-scal,mad,2.0,2.0,5,main_per_cell,0.13499997093635815,0.003269630031724733,21.84170570125958,1.0990438851959996,122.59834710162293,1.9374550203379057
fdfl-scal,wasserstein2_dp,0.5,0.0,5,makeup_2026_05_17,0.07494470426067591,0.001289177356689979,0.00023977265815305603,0.00026661468017027804,396.1254465342977,5.579557709504185
fdfl-scal,wasserstein2_dp,0.5,0.5,5,makeup_2026_05_17,0.07494711856956729,0.0012817676159916013,0.00023746824913381333,0.00026219283295627027,396.1272660010513,5.576893654623316
fdfl-scal,wasserstein2_dp,0.5,1.0,5,makeup_2026_05_17,0.07494998491732867,0.0012737125053180307,0.0002350922834788601,0.00025777203065897896,396.12948511383166,5.573684665435185
fdfl-scal,wasserstein2_dp,0.5,2.0,5,makeup_2026_05_17,0.0749550654581717,0.0012587237770100073,0.00023035437165101812,0.0002493805737702099,396.133372844778,5.568215943783206
fdfl-scal,wasserstein2_dp,2.0,0.0,5,makeup_2026_05_17,0.13065033261857073,0.0019382295779379359,22.642816463804238,3.665279744453414,120.20233605417948,1.1666263308919798
fdfl-scal,wasserstein2_dp,2.0,0.5,5,makeup_2026_05_17,0.13169169462065444,0.002061755312067628,15.103157407879689,3.8814695812416615,120.482979072376,1.3279084736600417
fdfl-scal,wasserstein2_dp,2.0,1.0,5,makeup_2026_05_17,0.13264002359158497,0.0018665508139519326,11.380915247671156,3.0687050429250147,121.35876711356877,1.544374650443403
fdfl-scal,wasserstein2_dp,2.0,2.0,5,makeup_2026_05_17,0.1344173501417111,0.00189965246750009,7.621296971765165,2.783987423367502,123.04828502971067,1.9902955062184424
fdfl-scal-mu0.01,mad,0.5,0.0,5,pool_alignment_hc_methods_2026_05_18,0.07555424348381028,0.001316910440596711,119.93304141282756,5.614796710227415,396.9226970906251,5.559819600844702
fdfl-scal-mu0.01,mad,0.5,0.5,5,pool_alignment_hc_methods_2026_05_18,0.06627379633957362,0.003590724767561114,113.80934277609377,6.476153702400357,385.5609297416266,9.440522729183055
fdfl-scal-mu0.01,mad,0.5,1.0,5,pool_alignment_hc_methods_2026_05_18,0.0725267871683802,0.007181857021040275,50.22258351469186,17.447579607159927,279.051791219362,33.561684360145016
fdfl-scal-mu0.01,mad,0.5,2.0,5,pool_alignment_hc_methods_2026_05_18,0.07546787562643267,0.0033231015636640874,30.312649373082472,2.2120222460297105,245.17922045122768,8.826513075458308
fdfl-scal-mu0.01,mad,2.0,0.0,5,pool_alignment_hc_methods_2026_05_18,0.12878221881021132,0.0015313513914651132,85.10392228680196,3.038304420489807,314.70976513550283,13.795890266543575
fdfl-scal-mu0.01,mad,2.0,0.5,5,pool_alignment_hc_methods_2026_05_18,0.13007915659093724,0.0012040573793447647,32.39764659170478,0.7548253697924463,184.70439535317644,2.6552377116502344
fdfl-scal-mu0.01,mad,2.0,1.0,5,pool_alignment_hc_methods_2026_05_18,0.1302310397546144,0.0010688382441789552,26.917504369139483,3.3001724539643384,166.21340493807458,8.259387756450996
fdfl-scal-mu0.01,mad,2.0,2.0,5,pool_alignment_hc_methods_2026_05_18,0.130653050445014,0.001893514954306063,10.782069702443014,12.598752525611719,195.19332450062475,30.703700577277665
fdfl-scal-mu2,dp,0.5,0.0,5,makeup_2026_05_17,0.07479473319035441,0.001285211767991178,0.003543570709894982,0.0031685953927579713,395.8918316956592,5.585988674727309
fdfl-scal-mu2,dp,0.5,0.5,5,makeup_2026_05_17,0.07480929129770156,0.0012186492222750773,0.003361159846178298,0.0030376376446570024,395.9011737909275,5.581103472066416
fdfl-scal-mu2,dp,0.5,1.0,5,makeup_2026_05_17,0.0748247315893761,0.0011538948045566066,0.0031863883664982402,0.002909444675574259,395.91062341936424,5.5765948819563596
fdfl-scal-mu2,dp,0.5,2.0,5,makeup_2026_05_17,0.07485859067872665,0.0010319985213473907,0.0028744811001440466,0.0026449213572438796,395.93008069653354,5.568167184198602
fdfl-scal-mu2,dp,2.0,0.0,5,makeup_2026_05_17,0.132082014874656,0.0019366161472591746,1.6862892886033702,0.140258260428794,119.57591733680233,1.2043141894059508
fdfl-scal-mu2,dp,2.0,0.5,5,makeup_2026_05_17,0.13211816038515736,0.001943775653789885,1.6724297202599,0.14050371040985069,119.5658962197167,1.211083482272428
fdfl-scal-mu2,dp,2.0,1.0,5,makeup_2026_05_17,0.1321599330587991,0.0019412928552867883,1.6579064108375394,0.14037936785785923,119.55538812211653,1.2208707626409712
fdfl-scal-mu2,dp,2.0,2.0,5,makeup_2026_05_17,0.132245967548265,0.0019407503052373068,1.629532845642548,0.13997040695433446,119.54295411155879,1.2419976492228206
fdfl-scal-mu2,mad,0.5,0.0,5,makeup_2026_05_17,0.07479473319035441,0.001285211767991178,119.6160293059502,5.601655749726946,395.8918316956592,5.585988674727309
fdfl-scal-mu2,mad,0.5,0.5,5,makeup_2026_05_17,0.06501791448764951,0.003569211591067388,111.6715489644809,7.140118500706791,381.6120572196977,11.105579069095475
fdfl-scal-mu2,mad,0.5,1.0,5,makeup_2026_05_17,0.07320618029814126,0.006225379436267576,45.22054467725979,11.85135379177831,268.1223777727294,25.567563959075013
fdfl-scal-mu2,mad,0.5,2.0,5,makeup_2026_05_17,0.07439707051039397,0.003240724822712105,29.939869706387366,2.084621198038206,243.29340663239535,10.587489452907016
fdfl-scal-mu2,mad,2.0,0.0,5,makeup_2026_05_17,0.132082014874656,0.0019366161472591746,22.438196455081222,1.1237818224489378,119.57591733680233,1.2043141894059508
fdfl-scal-mu2,mad,2.0,0.5,5,makeup_2026_05_17,0.13241924740082156,0.0019463468737877174,21.924017814545067,1.0514560723001396,119.623353312774,1.2307312033885154
fdfl-scal-mu2,mad,2.0,1.0,5,makeup_2026_05_17,0.132873196212413,0.0019265120641300637,21.53533352553699,1.095276975623552,119.88632215062518,1.2534735752260995
fdfl-scal-mu2,mad,2.0,2.0,5,makeup_2026_05_17,0.13711369387780825,0.0021895750154083352,22.41252733725667,0.8507460670501978,123.20619065331832,1.9875081853671903
fdfl-scal-mu2,wasserstein2_dp,0.5,0.0,5,makeup_2026_05_17,0.07479473319035441,0.001285211767991178,0.0002603053915230123,0.0003079087810153828,395.8918316956592,5.585988674727309
fdfl-scal-mu2,wasserstein2_dp,0.5,0.5,5,makeup_2026_05_17,0.07479754914233047,0.001277491316729285,0.0002578311147560468,0.00030324421069483624,395.89387297443903,5.583147137233782
fdfl-scal-mu2,wasserstein2_dp,0.5,1.0,5,makeup_2026_05_17,0.07480067910032727,0.0012693388570210083,0.0002554791769646892,0.0002989505460435882,395.89617743851255,5.57986240612001
fdfl-scal-mu2,wasserstein2_dp,0.5,2.0,5,makeup_2026_05_17,0.0748075784126778,0.0012527772620344866,0.00024968674145020857,0.00028792406798291195,395.9013283247301,5.572808521560014
fdfl-scal-mu2,wasserstein2_dp,2.0,0.0,5,makeup_2026_05_17,0.132082014874656,0.0019366161472591746,21.43137971921364,3.6816806739338044,119.57591733680233,1.2043141894059508
fdfl-scal-mu2,wasserstein2_dp,2.0,0.5,5,makeup_2026_05_17,0.13317636882225467,0.0021324570488912135,15.128829406791853,4.155288894870718,119.87457005243593,1.4582478771199219
fdfl-scal-mu2,wasserstein2_dp,2.0,1.0,5,makeup_2026_05_17,0.1338554936775111,0.002052101648914303,11.602663145108302,3.143922961465454,120.59473549001517,1.5275543517518504
fdfl-scal-mu2,wasserstein2_dp,2.0,2.0,5,makeup_2026_05_17,0.1355951154785055,0.002459146562314059,8.19460203967393,3.3124239632552737,122.21391186979386,2.1090832808552666
fplg,atkinson,0.5,0.0,5,main_per_cell,0.07535835117421212,0.0013060211027115603,0.015267190982052425,0.0013867772989268783,396.6820680428703,5.565122626265362
fplg,atkinson,0.5,0.5,5,main_per_cell,0.0748441807166623,0.001271639678873818,0.015260497973805553,0.0013858667513336074,396.2810447382908,5.5707235271777344
fplg,atkinson,0.5,1.0,5,main_per_cell,0.0743389822454821,0.001250275734971339,0.015253058569823574,0.0013847874790615961,395.86788346117777,5.578757993825944
fplg,atkinson,0.5,2.0,5,main_per_cell,0.07384003931122042,0.0012407182160279302,0.015244744885581741,0.0013835096593815884,395.44095300305605,5.589359201463058
fplg,atkinson,2.0,0.0,5,main_per_cell,0.12810519689768213,0.0018315691112854274,0.00767907835413586,0.0005995161195083494,125.48277855158014,1.1547453933555065
fplg,atkinson,2.0,0.5,5,main_per_cell,0.12744544239219444,0.0019892892665834263,0.007879044078109954,0.0006568433385362132,123.7579457975668,1.0594345561652794
fplg,atkinson,2.0,1.0,5,main_per_cell,0.12735128477071278,0.001986821890925697,0.007893722496220801,0.0006146776566028019,123.57787260993727,1.0282333573152846
fplg,atkinson,2.0,2.0,5,main_per_cell,0.12747280329956573,0.0019389234449386954,0.007859450728324413,0.0005775312437941379,123.59921691384137,1.0450188304566326
fplg,bias_parity,0.5,0.0,5,main_per_cell,0.07535835117421212,0.0013060211027115603,2.525278874472029,0.06618722224208792,396.6820680428703,5.565122626265362
fplg,bias_parity,0.5,0.5,5,main_per_cell,0.07484405077851876,0.0012716726381442698,2.5238386894813134,0.06614275355258471,396.28133048997375,5.570738794042883
fplg,bias_parity,0.5,1.0,5,main_per_cell,0.07433853873357132,0.0012503942378761712,2.522315419765889,0.06608816833214322,395.86874589075705,5.578811266122639
fplg,bias_parity,0.5,2.0,5,main_per_cell,0.0738388210366202,0.0012410399283674526,2.5206940793600565,0.06602378124351536,395.44300607321685,5.589501086687572
fplg,bias_parity,2.0,0.0,5,main_per_cell,0.12810519689768213,0.0018315691112854274,0.5669004616805605,0.08832420016455567,125.48277855158014,1.1547453933555065
fplg,bias_parity,2.0,0.5,5,main_per_cell,0.12742999485273435,0.0019847373227405963,0.5768572874406073,0.08948618669764274,123.82714701898034,1.0461702217967561
fplg,bias_parity,2.0,1.0,5,main_per_cell,0.12732989169724723,0.0019940534116998114,0.5612677821662967,0.09512356875818455,123.74400030477207,1.009778161508285
fplg,bias_parity,2.0,2.0,5,main_per_cell,0.12740776285261943,0.0019339538133560745,0.5225872509338713,0.09612515215235329,123.9591022113544,1.0261231553036816
fplg,dp,0.5,0.0,5,main_per_cell,0.07535835117421212,0.0013060211027115603,0.0029627807049410005,0.0024260468942704865,396.6820680428703,5.565122626265362
fplg,dp,0.5,0.5,5,main_per_cell,0.07484421161528408,0.001271506155352925,0.0034235766421271607,0.0030362983255115632,396.28095838500354,5.570676593637376
fplg,dp,0.5,1.0,5,main_per_cell,0.07433912990212528,0.001249924824462169,0.004335010270371104,0.003720484695789755,395.8674918806207,5.578611715264445
fplg,dp,0.5,2.0,5,main_per_cell,0.07384057714480134,0.0012401527803565136,0.00581654305101161,0.004018353495283683,395.43972237000844,5.589077371657231
fplg,dp,2.0,0.0,5,main_per_cell,0.12810519689768213,0.0018315691112854274,1.9595003111918003,0.12972379757631752,125.48277855158014,1.1547453933555065
fplg,dp,2.0,0.5,5,main_per_cell,0.12746033060329243,0.001989538606125294,1.9179914539440002,0.12780634410225888,123.69679840187929,1.0635285480067993
fplg,dp,2.0,1.0,5,main_per_cell,0.12738231709384049,0.0019937091456663295,1.899985432519695,0.13501527035300945,123.45998285734035,1.0539112057250075
fplg,dp,2.0,2.0,5,main_per_cell,0.1275360177764463,0.0019591829032688975,1.8733838719909197,0.13504841695914366,123.38869129774159,1.077132048881538
fplg,mad,0.5,0.0,5,main_per_cell,0.07535835117421212,0.0013060211027115603,119.85823297191679,5.611894298861002,396.6820680428703,5.565122626265362
fplg,mad,0.5,0.5,5,main_per_cell,0.07481354743660669,0.0012723666103730544,119.70235008270703,5.607284904818228,396.2919943875374,5.570513113037544
fplg,mad,0.5,1.0,5,main_per_cell,0.07421703385815596,0.001254334129872824,119.52661330176343,5.601777526893451,395.8783382910899,5.578714693503774
fplg,mad,0.5,2.0,5,main_per_cell,0.07350325553751416,0.001258418446136037,119.3087207262032,5.59459485120824,395.4006786013139,5.592084476977294
fplg,mad,2.0,0.0,5,main_per_cell,0.12810519689768213,0.0018315691112854274,25.30385031621912,1.063874322755087,125.48277855158014,1.1547453933555065
fplg,mad,2.0,0.5,5,main_per_cell,0.12749936734236383,0.0019626426446072813,25.10997760221623,1.0641064316227338,124.36971820516746,1.1485820068326515
fplg,mad,2.0,1.0,5,main_per_cell,0.12771516965784327,0.0019745312292142993,25.283884095695516,0.9426256835515147,125.43142231074351,1.110102004576539
fplg,mad,2.0,2.0,5,main_per_cell,0.12824382113129668,0.0019851290530698415,25.471031548045953,0.9261301639789923,127.38211374658687,1.1973975544836297
fplg,wasserstein2_dp,0.5,0.0,5,makeup_2026_05_17,0.0753583511818746,0.0013060211300250587,0.0001986501409895063,0.00018528415506930445,396.6820680440039,5.565122623276523
fplg,wasserstein2_dp,0.5,0.5,5,makeup_2026_05_17,0.07484819310204917,0.0012634472516049587,0.0002382260351131161,0.0002698439874532084,396.28359388901015,5.567862255743996
fplg,wasserstein2_dp,0.5,1.0,5,makeup_2026_05_17,0.07435752852319895,0.0012230522895732771,0.0003162300456990418,0.0003859234416495905,395.8793646843428,5.56797250489398
fplg,wasserstein2_dp,0.5,2.0,5,makeup_2026_05_17,0.0739002185784524,0.0011727995818542085,0.00042394696801853303,0.0004906072416119313,395.4786391527012,5.559518158623657
fplg,wasserstein2_dp,2.0,0.0,5,makeup_2026_05_17,0.12810539459944173,0.0018314478345129437,31.012400656480796,4.371698118126745,125.4824052398184,1.154791865668889
fplg,wasserstein2_dp,2.0,0.5,5,makeup_2026_05_17,0.12898317540623372,0.0019578330964756443,13.978447471762859,2.9542957739043865,123.79598648732939,1.4336923937145505
fplg,wasserstein2_dp,2.0,1.0,5,makeup_2026_05_17,0.13034958143420713,0.0019517229945634847,9.296478030710565,3.0871698862944896,125.43207238273187,1.8480523477500326
fplg,wasserstein2_dp,2.0,2.0,5,makeup_2026_05_17,0.131683607178316,0.0024101698396619413,6.1750418386609525,2.5578198328167767,127.36426438852625,2.2049985616790932
fpto,atkinson,0.5,0.0,5,main_per_cell,0.049987977869563265,0.0007779990104171368,0.005736926619210903,0.0005293918035446646,140.12447771341542,4.3818458599915715
fpto,atkinson,0.5,0.5,5,main_per_cell,0.04998806243298806,0.0007779799544327769,0.005736771751150127,0.0005293280219683593,140.12426063624906,4.381592693771345
fpto,atkinson,0.5,1.0,5,main_per_cell,0.04998813223133962,0.0007779402216051518,0.005736591569505389,0.0005293014191954165,140.1240423196268,4.381340190904681
fpto,atkinson,0.5,2.0,5,main_per_cell,0.0499882712162759,0.0007778453374318997,0.005736299185329252,0.0005292024164476163,140.1235653812953,4.380829974235631
fpto,atkinson,2.0,0.0,5,main_per_cell,0.1533668083961271,0.0032984591426001796,0.005736926619210903,0.0005293918035446646,140.12447771341542,4.3818458599915715
fpto,atkinson,2.0,0.5,5,main_per_cell,0.15336749083388979,0.0032984020796923887,0.005736771751150127,0.0005293280219683593,140.12426063624906,4.381592693771345
fpto,atkinson,2.0,1.0,5,main_per_cell,0.15336812360775856,0.0032982823809153245,0.005736591569505389,0.0005293014191954165,140.1240423196268,4.381340190904681
fpto,atkinson,2.0,2.0,5,main_per_cell,0.15336926302024112,0.0032979602987599334,0.005736299185329252,0.0005292024164476163,140.1235653812953,4.380829974235631
fpto,bias_parity,0.5,0.0,5,main_per_cell,0.049987977869563265,0.0007779990104171368,0.7760795586394426,0.03969957335898111,140.12447771341542,4.3818458599915715
fpto,bias_parity,0.5,0.5,5,main_per_cell,0.04995622355445656,0.0007786556429272132,0.7433499369830667,0.03996620382429788,140.11169861879583,4.369640211313454
fpto,bias_parity,0.5,1.0,5,main_per_cell,0.049927934121735434,0.0007795864659050608,0.7104900123446957,0.04021115582698179,140.11268227141312,4.356653743381027
fpto,bias_parity,0.5,2.0,5,main_per_cell,0.04988158109263539,0.0007810141690633246,0.6442757787467814,0.04080253880155549,140.1555494530137,4.330513596171319
fpto,bias_parity,2.0,0.0,5,main_per_cell,0.1533668083961271,0.0032984591426001796,0.7760795586394426,0.03969957335898111,140.12447771341542,4.3818458599915715
fpto,bias_parity,2.0,0.5,5,main_per_cell,0.15308109150238594,0.0032645894458669714,0.7433499369830667,0.03996620382429788,140.11169861879583,4.369640211313454
fpto,bias_parity,2.0,1.0,5,main_per_cell,0.15280600201740263,0.0032322353559779454,0.7104900123446957,0.04021115582698179,140.11268227141312,4.356653743381027
fpto,bias_parity,2.0,2.0,5,main_per_cell,0.1522859256546145,0.0031670507094713226,0.6442757787467814,0.04080253880155549,140.1555494530137,4.330513596171319
fpto,dp,0.5,0.0,5,main_per_cell,0.049987977869563265,0.0007779990104171368,1.750320991357847,0.08909545356833548,140.12447771341542,4.3818458599915715
fpto,dp,0.5,0.5,5,main_per_cell,0.050022131155549876,0.0007763522109054083,1.7176539630554126,0.08900675704110064,140.14475082182162,4.390640545356313
fpto,dp,0.5,1.0,5,main_per_cell,0.0500598998586075,0.0007745260914238651,1.6851944593933537,0.08882099710157426,140.17926682552147,4.398961044309354
fpto,dp,0.5,2.0,5,main_per_cell,0.0501450667284079,0.0007705427007213547,1.6205985642333163,0.08838632294227389,140.28556562835522,4.415754255550167
fpto,dp,2.0,0.0,5,main_per_cell,0.1533668083961271,0.0032984591426001796,1.750320991357847,0.08909545356833548,140.12447771341542,4.3818458599915715
fpto,dp,2.0,0.5,5,main_per_cell,0.15365887207398193,0.003328851766433804,1.7176539630554126,0.08900675704110064,140.14475082182162,4.390640545356313
fpto,dp,2.0,1.0,5,main_per_cell,0.15396084779689662,0.0033580815260632886,1.6851944593933537,0.08882099710157426,140.17926682552147,4.398961044309354
fpto,dp,2.0,2.0,5,main_per_cell,0.15459147683980567,0.0034162769970365113,1.6205985642333163,0.08838632294227389,140.28556562835522,4.415754255550167
fpto,mad,0.5,0.0,5,main_per_cell,0.049987977869563265,0.0007779990104171368,23.937683257396174,1.3726968688782881,140.12447771341542,4.3818458599915715
fpto,mad,0.5,0.5,5,main_per_cell,0.049502311377097784,0.0005734956268509011,22.09557494688689,0.7986506044052306,135.31110479827885,3.0088140227036697
fpto,mad,0.5,1.0,5,main_per_cell,0.04956038458513943,0.0004939797537784399,20.987153997523077,0.5933558465137432,133.7946348664403,2.5356014526171515
fpto,mad,0.5,2.0,5,main_per_cell,0.05077946637195404,0.0005808779827281844,17.400133014859872,3.3768911853625383,145.63757451178154,12.049245583589684
fpto,mad,2.0,0.0,5,main_per_cell,0.1533668083961271,0.0032984591426001796,23.937683257396174,1.3726968688782881,140.12447771341542,4.3818458599915715
fpto,mad,2.0,0.5,5,main_per_cell,0.15222455440723123,0.002488785990304962,22.09557494688689,0.7986506044052306,135.31110479827885,3.0088140227036697
fpto,mad,2.0,1.0,5,main_per_cell,0.15301167409985436,0.002021292675554283,20.987153997523077,0.5933558465137432,133.7946348664403,2.5356014526171515
fpto,mad,2.0,2.0,5,main_per_cell,0.1582099746642154,0.0018130152766344285,17.400133014859872,3.3768911853625383,145.63757451178154,12.049245583589684
fpto,wasserstein2_dp,0.5,0.0,5,makeup_2026_05_17,0.049987975726515546,0.000777999566114438,27.86788983403342,3.611044041719022,140.12447394514308,4.381846613572158
fpto,wasserstein2_dp,0.5,0.5,5,makeup_2026_05_17,0.0508463492483707,0.0006915617105883909,11.525169416593345,2.079891815459727,142.06362194319289,4.322167348049558
fpto,wasserstein2_dp,0.5,1.0,5,makeup_2026_05_17,0.05156005175615651,0.000752084315970254,6.670528052992357,1.3253224292470687,144.50327910188307,4.534702922591436
fpto,wasserstein2_dp,0.5,2.0,5,makeup_2026_05_17,0.0524655308166442,0.0007263171210267128,3.7038195897473547,1.0820490563326428,147.71925208301357,4.830618067096883
fpto,wasserstein2_dp,2.0,0.0,5,makeup_2026_05_17,0.15336679761698233,0.003298461786701402,27.86788983403342,3.611044041719022,140.12447394514308,4.381846613572158
fpto,wasserstein2_dp,2.0,0.5,5,makeup_2026_05_17,0.15773832350174055,0.003600527704040839,11.525169416593345,2.079891815459727,142.06362194319289,4.322167348049558
fpto,wasserstein2_dp,2.0,1.0,5,makeup_2026_05_17,0.1604675286739012,0.004071918823293505,6.670528052992357,1.3253224292470687,144.50327910188307,4.534702922591436
fpto,wasserstein2_dp,2.0,2.0,5,makeup_2026_05_17,0.16380202443040376,0.004171341934353574,3.7038195897473547,1.0820490563326428,147.71925208301357,4.830618067096883
mgda,atkinson,0.5,0.0,5,main_per_cell,0.07588347432314124,0.001354419507632122,0.015273201641766687,0.0013875451293137175,397.07246723119204,5.561757786988802
mgda,atkinson,2.0,0.0,5,main_per_cell,0.15301130517588646,0.0042193155875827355,0.012775811903602486,0.0009542467394385616,351.6981571478276,9.94825263128711
mgda,bias_parity,0.5,0.0,5,main_per_cell,0.07587048242600235,0.0013520483236177086,2.526612049795115,0.06622180649424769,397.0666794755062,5.561423317270755
mgda,bias_parity,2.0,0.0,5,main_per_cell,0.1503769814543153,0.006769012731843453,2.170000180596143,0.06150298018858935,346.00766028473197,10.821906094738459
mgda,dp,0.5,0.0,5,main_per_cell,0.07587434590561952,0.0013494744193745822,0.003013694869967897,0.001956728434961774,397.06841847244203,5.560612226805524
mgda,dp,2.0,0.0,5,main_per_cell,0.15409234325281718,0.002765855095982454,0.3029188033227656,0.05413706565589698,352.819246740384,10.588271799054855
mgda,mad,0.5,0.0,5,main_per_cell,0.07587048242600235,0.0013520483236177086,120.00205381628678,5.616151313584415,397.0666794755062,5.561423317270755
mgda,mad,2.0,0.0,5,main_per_cell,0.13092525848674377,0.0013471058392675172,27.733912692741928,1.7906071098615957,168.38061532625574,6.972290877795825
mgda,wasserstein2_dp,0.5,0.0,5,makeup_2026_05_17,0.07587726300404049,0.0013498939498498446,0.00018824617434276075,0.00014093457144908144,397.0696593803051,5.563105456592488
mgda,wasserstein2_dp,2.0,0.0,5,makeup_2026_05_17,0.15100592369958724,0.0028045587587263872,0.8327961903452762,0.2292049292784375,349.8081532264506,8.297228252233834
nashmtl,atkinson,0.5,0.0,5,nashmtl_extension,0.06056762462767864,0.002058919305066038,0.014030169722083707,0.0012090360708588168,372.98265920522806,11.597111316940278
nashmtl,atkinson,2.0,0.0,5,nashmtl_extension,0.12788615495210992,0.0019116705058053974,0.007942369800323545,0.0005428069017314445,125.86858321325694,1.269468063704239
nashmtl,bias_parity,0.5,0.0,5,nashmtl_extension,0.06056762462767864,0.002058919305066038,2.3694255589173543,0.08331620157116286,372.98265920522806,11.597111316940278
nashmtl,bias_parity,2.0,0.0,5,nashmtl_extension,0.12788615495210992,0.0019116705058053974,0.5756204796054589,0.0923319301266833,125.86858321325694,1.269468063704239
nashmtl,dp,0.5,0.0,5,nashmtl_extension,0.06056762462767864,0.002058919305066038,0.15697796078961698,0.07120767031967262,372.98265920522806,11.597111316940278
nashmtl,dp,2.0,0.0,5,nashmtl_extension,0.12788615495210992,0.0019116705058053974,1.950780281832838,0.13195263341254287,125.86858321325694,1.269468063704239
nashmtl,mad,0.5,0.0,5,nashmtl_extension,0.06056762462767864,0.002058919305066038,107.12400627182298,6.362431027798939,372.98265920522806,11.597111316940278
nashmtl,mad,2.0,0.0,5,nashmtl_extension,0.12788615495210992,0.0019116705058053974,25.878752150822706,0.8775908358893353,125.86858321325694,1.269468063704239
nashmtl,wasserstein2_dp,0.5,0.0,5,makeup_2026_05_17,0.060565195879905415,0.0020645655233512915,0.3149921561438046,0.2723922098928565,372.99829387633383,11.591716005686958
nashmtl,wasserstein2_dp,2.0,0.0,5,makeup_2026_05_17,0.1278899242824769,0.0019075001085779315,31.536071290219905,4.591018404572629,125.82759567702925,1.2032747877397603
pcgrad,atkinson,0.5,0.0,5,main_per_cell,0.05002001315198313,0.0007450178834061078,0.005666412564623302,0.000459419770072743,140.2279689913278,4.260529523508835
pcgrad,atkinson,2.0,0.0,5,main_per_cell,0.1284012116168949,0.0019654279346135698,0.008670222050923692,0.0018611637841563285,129.42017490938312,0.9271092143539369
pcgrad,bias_parity,0.5,0.0,5,main_per_cell,0.049763588694580044,0.0008490176182463612,0.2907142771678671,0.09479919834814338,141.3900651149865,4.2828342886166455
pcgrad,bias_parity,2.0,0.0,5,main_per_cell,0.12911124412096273,0.00207981220559423,0.3719054839370508,0.19883590012097857,129.15958770762322,1.6542652877332662
pcgrad,dp,0.5,0.0,5,main_per_cell,0.05830794004464567,0.0020101767806447197,0.13437902656991654,0.0948529080069479,165.66681050904637,10.586609672466867
pcgrad,dp,2.0,0.0,5,main_per_cell,0.13627011337146952,0.003625917731341943,0.5530106789088862,0.3971334966518933,139.74191119403497,6.300988305448111
pcgrad,mad,0.5,0.0,5,main_per_cell,0.04875281802419189,0.0004280465240518409,21.281941689514824,0.5786182385406751,131.62395600243477,2.727595968184455
pcgrad,mad,2.0,0.0,5,main_per_cell,0.12819696542569206,0.0018899663432144023,27.38597624480046,2.8705252317640944,128.14475145685913,1.4433936895302906
pcgrad,wasserstein2_dp,0.5,0.0,5,makeup_2026_05_17,0.05756060941554563,0.003292405658432152,0.09600262322413539,0.10782735433255088,363.00072578780924,13.419747886120902
pcgrad,wasserstein2_dp,2.0,0.0,5,makeup_2026_05_17,0.14095701996891496,0.0057823261837532895,4.49508391753157,2.9565377339413526,129.86504684806926,4.469327665329037
plg-kappa1,mad,0.5,0.0,5,pool_alignment_hc_methods_2026_05_18,0.0753583511818746,0.0013060211300250587,119.85823296782773,5.6118943088316655,396.6820680440039,5.565122623276523
plg-kappa1,mad,2.0,0.0,5,pool_alignment_hc_methods_2026_05_18,0.12810539459944173,0.0018314478345129437,25.303480205686036,1.0644494196887597,125.4824052398184,1.154791865668889
pto,wasserstein2_dp,0.5,0.0,5,makeup_2026_05_17,0.049987975726515546,0.000777999566114438,27.86788983403342,3.611044041719022,140.12447394514308,4.381846613572158
pto,wasserstein2_dp,2.0,0.0,5,makeup_2026_05_17,0.15336679761698233,0.003298461786701402,27.86788983403342,3.611044041719022,140.12447394514308,4.381846613572158
saa,atkinson,0.5,0.0,5,main_per_cell,0.07537386480283793,0.0002363836939421937,0.010002379147229724,0.0011616223042771666,249.17276509424238,2.7319181396919485
saa,atkinson,2.0,0.0,5,main_per_cell,0.2794809136529963,0.002414282585825644,0.010002379147229724,0.0011616223042771666,249.17276509424238,2.7319181396919485
saa,bias_parity,0.5,0.0,5,main_per_cell,0.07537386480283793,0.0002363836939421937,2.5263998160922636,0.06652036516866382,249.17276509424238,2.7319181396919485
saa,bias_parity,2.0,0.0,5,main_per_cell,0.2794809136529963,0.002414282585825644,2.5263998160922636,0.06652036516866382,249.17276509424238,2.7319181396919485
saa,dp,0.5,0.0,5,main_per_cell,0.07537386480283793,0.0002363836939421937,0.001,0.0,249.17276509424238,2.7319181396919485
saa,dp,2.0,0.0,5,main_per_cell,0.2794809136529963,0.002414282585825644,0.001,0.0,249.17276509424238,2.7319181396919485
saa,mad,0.5,0.0,5,main_per_cell,0.07537386480283793,0.0002363836939421937,58.49829518393752,3.646932060713079,249.17276509424238,2.7319181396919485
saa,mad,2.0,0.0,5,main_per_cell,0.2794809136529963,0.002414282585825644,58.49829518393752,3.646932060713079,249.17276509424238,2.7319181396919485
saa,wasserstein2_dp,0.5,0.0,5,makeup_2026_05_17,0.07537386480283788,0.0002363836939421756,1.370645822821508e-30,6.435162034276058e-31,249.17276509424238,2.7319181396919485
saa,wasserstein2_dp,2.0,0.0,5,makeup_2026_05_17,0.27948091365299654,0.002414282585825818,1.370645822821508e-30,6.435162034276058e-31,249.17276509424238,2.7319181396919485
wdro,atkinson,0.5,0.0,5,pool_alignment_wdro_2026_05_18,0.05023009157247133,0.0007906467267101929,0.00579945671269908,0.0005551603111257908,142.1010155091911,4.577445650050782
wdro,atkinson,2.0,0.0,5,pool_alignment_wdro_2026_05_18,0.15415223689090615,0.0033050683223360433,0.00579945671269908,0.0005551603111257908,142.1010155091911,4.577445650050782
wdro,bias_parity,0.5,0.0,5,pool_alignment_wdro_2026_05_18,0.05023009157247133,0.0007906467267101929,0.7699130378202074,0.03654880141736092,142.1010155091911,4.577445650050782
wdro,bias_parity,2.0,0.0,5,pool_alignment_wdro_2026_05_18,0.15415223689090615,0.0033050683223360433,0.7699130378202074,0.03654880141736092,142.1010155091911,4.577445650050782
wdro,dp,0.5,0.0,5,pool_alignment_wdro_2026_05_18,0.05023009157247133,0.0007906467267101929,1.7564875161014906,0.0854842703634928,142.1010155091911,4.577445650050782
wdro,dp,2.0,0.0,5,pool_alignment_wdro_2026_05_18,0.15415223689090615,0.0033050683223360433,1.7564875161014906,0.0854842703634928,142.1010155091911,4.577445650050782
wdro,mad,0.5,0.0,5,pool_alignment_wdro_2026_05_18,0.05023009157247133,0.0007906467267101929,24.42256742356148,1.4617328877924438,142.1010155091911,4.577445650050782
wdro,mad,2.0,0.0,5,pool_alignment_wdro_2026_05_18,0.15415223689090615,0.0033050683223360433,24.42256742356148,1.4617328877924438,142.1010155091911,4.577445650050782
wdro,wasserstein2_dp,0.5,0.0,5,pool_alignment_wdro_2026_05_18,0.05023009157247133,0.0007906467267101929,28.659440564472202,3.6704680657602946,142.1010155091911,4.577445650050782
wdro,wasserstein2_dp,2.0,0.0,5,pool_alignment_wdro_2026_05_18,0.15415223689090615,0.0033050683223360433,28.659440564472202,3.6704680657602946,142.1010155091911,4.577445650050782
